load,ENS_MWh,SAIFI,SAIDI_h,SAIFI_norm,SAIDI_norm
LoadA,1.05,0.8500000000000001,2.1,0.0006071428571428572,0.0015
LoadB,0.315,0.8500000000000001,2.1,0.0006071428571428572,0.0015
LoadC,0.8040000000000002,1.5000000000000002,4.0200000000000005,0.0010714285714285715,0.0028714285714285716
LoadD,0.603,1.5000000000000002,4.0200000000000005,0.0010714285714285715,0.0028714285714285716
LoadE,1.809,1.5000000000000002,4.0200000000000005,0.0010714285714285715,0.0028714285714285716
