load,ENS_MWh,SAIFI,SAIDI_h,SAIFI_norm,SAIDI_norm
LoadA,0.31000000000000005,0.65,1.5499999999999998,0.0016250000000000001,0.0038749999999999995
LoadB,0.37400000000000005,1.36,3.74,0.0034000000000000002,0.00935
LoadC,1.122,1.36,3.74,0.0034000000000000002,0.00935
LoadD,3.74,1.36,3.74,0.0034000000000000002,0.00935
LoadE,0.37400000000000005,1.36,3.74,0.0034000000000000002,0.00935
