load,ENS_MWh,SAIFI,SAIDI_h
LoadA,0.31000000000000005,0.65,1.5499999999999998
LoadB,0.37400000000000005,1.36,3.74
LoadC,1.122,1.36,3.74
LoadD,3.74,1.36,3.74
LoadE,0.37400000000000005,1.36,3.74
